name,rating,price
Casio Men's Edifice Quartz Watch,4.6 out of 5 stars,$35.56
"[3 Pack] Synvy Screen Protector for ENACFIRE Smart Watch W2 1.3"" smartwatch TPU Flexible HD Film Protective Protectors [Not Tempered Glass]",4.6 out of 5 stars,None
Calvin Klein Men's Analogue Quartz Watch with Leather Strap K2G2G6C3,4.8 out of 5 stars,$69.00
Nixon Kensington A099. 100m Water Resistant Women’s Watch (37mm Watch Face. 16mm Stainless Steel Band),4.7 out of 5 stars,$75.00
"New LT04 Smart Bracelet for Android/iOS Call Bracelet Headset 2 in 1 Universal Multifunctional Smart Watch,Gifts for Family Friends",4.7 out of 5 stars,$36.70
Calvin Klein - Women's Watch K8A23546,5.0 out of 5 stars,None
"Bravet Smart Watch, Waterproof Fitness Activity Tracker with Heart Rate Monitor, Wearable Oxygen Blood Pressure Wrist Watch, Bluetooth Running Tracker Sport Band",5.0 out of 5 stars,None
Adidas Men's Digital Watch with Stainless Steel Strap Z01-2924-00,5.0 out of 5 stars,$118.53
Michael Kors Men's Slim Runway Three-Hand Red-Tone Stainless Steel Watch MK8768,5.0 out of 5 stars,$72.99
Citizen Men's Thin Blue Line Watch Chronograph 200M WR Eco Drive CA0291-59E,4.9 out of 5 stars,$295.00
Calvin Klein - Women's Watch K8A23141,5.0 out of 5 stars,None
Calvin Klein Mens Chronograph Quartz Watch with Stainless Steel Strap K8S27146,4.2 out of 5 stars,None
Adidas Women's Analogue Quartz Watch with Stainless Steel Strap Z04-897-00,5.0 out of 5 stars,$136.80
"【3 Pack】 Synvy Screen Protector for SKYGRAND/Letsfit/ANBES/Arbily/KUNGIX/LETSCOM/Fitpolo/YAMAY/Willful Smartwatch Smart Watch 1.3""[Not Tempered Glass]",5.0 out of 5 stars,None
[3 Pack] Synvy Tempered Glass Screen Protector for Michael Kors MKT5045 smartwatch 9H Protective Screen Film Protectors Smartwatch Smart Watch,5.0 out of 5 stars,None
Seiko Genuine Divers Urethane Rubber Watch Band DA73BP 20mm,5.0 out of 5 stars,$37.50
Calvin Klein Mens Chronograph Quartz Watch with Leather Strap K8W371L6,5.0 out of 5 stars,$59.99
"[3 Pack] Synvy Screen Protector for Kalakate z12c 1.54"" smartwatch TPU Flexible HD Film Protective Protectors [Not Tempered Glass]",5.0 out of 5 stars,None
SEIKO Brown Leather Watch-SGEH88P1,5.0 out of 5 stars,$102.06
[3 Pack] Synvy Tempered Glass Screen Protector for Timex 50mm TW5M30600JT 9H Protective Screen Film Protectors Smartwatch Smart Watch,5.0 out of 5 stars,None
nautica- NST 09 Mens Analog Japanese Quartz Watch with Rubber Bracelet A15102G,5.0 out of 5 stars,$100.61
SEIKO OEM Spring Bar 10 Pcs 20mm Non-Magnetic Stainless Steel 20mm x 1.8mm x 0.8mm Double Fringe,4.5 out of 5 stars,$9.95
Synvy Privacy Screen Protector Film for Michael/Kors/Access/MKGO Smartwatch MKT5070 Anti Spy Protective Protectors [Not Tempered Glass],4.5 out of 5 stars,None
SEIKO OEM Spring Bar 22mm 10 Pcs Non-Magnetic Stainless Steel 22mm x 1.8mm x 0.8mm Double Fringe,4.7 out of 5 stars,$9.95
"【3 Pack】 Synvy Screen Protector for UMIDIGI Uwatch 3 1.3"" Uwatch3 Smartwatch Smart Watch TPU Flexible HD Film Protective Protectors [Not Tempered Glass]",4.7 out of 5 stars,None
Orla Kiely Womens Analogue Classic Quartz Watch with Leather Strap OK2137,5.0 out of 5 stars,$65.87
Swatch Merenda Quartz Movement Blue Dial Unisex Watch SUOW709,5.0 out of 5 stars,$54.48
"【3 Pack】 Synvy Screen Protector for Smartwatch Yamay 2019 1.3"" TPU Flexible HD Film Protective Protectors [Not Tempered Glass]",5.0 out of 5 stars,None
SEIKO Prospex Automatic 20 Bar Land Series Compass Brown Leather Sports Watch SRPD31K1,4.5 out of 5 stars,$529.00
Michael Kors Mens Chronograph Quartz Watch with Stainless Steel Strap MK8667,4.2 out of 5 stars,$134.90
[3 Pack] Synvy Screen Protector for Willful SW016 Smartwatch TPU Flexible HD Film Protective Protectors [Not Tempered Glass],4.2 out of 5 stars,None
"SEIKO Prospex""Turtle"" Save The Ocean Diver's 200M Automatic Blue Dial Steel Watch SRPD21K1",5.0 out of 5 stars,$393.75
"[3 Pack] Synvy Anti Blue Light Screen Protector for ENACFIRE Smart Watch W2 1.3"" smartwatch Screen Film Protective Protectors [Not Tempered Glass]",5.0 out of 5 stars,None
"SEIKO PRESAGE Limited Edition Power Reserve""Old Fashioned"" Cocktail Gold Case Brown Dial Watch SSA392J1",5.0 out of 5 stars,$685.00
Calvin Klein Minimal Green Dial Men's Watch K3M211WL,4.5 out of 5 stars,$39.99
Timex Mens Digital Watch with Resin Strap TW5M22400,2.1 out of 5 stars,$29.95
The Watch,3.6 out of 5 stars,$3.99
SEIKO OEM Spring Bar 18mm 10 Pcs Non-Magnetic Stainless Steel 18mm x 1.8mm x 0.8mm Double Fringe,4.0 out of 5 stars,$9.95
[3 Pack] Synvy Tempered Glass Screen Protector for Timex Ironman Essential Urban 38mm TW5M174009J 9H Protective Screen Film Protectors Smartwatch Smart Watch,4.0 out of 5 stars,None
Nixon Unisex Adult Digital Watch with Polycarbonate Strap A1180-2711-00,5.0 out of 5 stars,$118.47
End of Watch: A Novel,4.6 out of 5 stars,$0.00
"Seiko Prospex""Arnie"" Re-Issue Sports Solar Diver's 200M Pepsi Bezel Watch SNJ027P1",5.0 out of 5 stars,$525.00
[3 Pack] Synvy Screen Protector for Smartwatch Smart Watch S226 TPU Flexible HD Film Protective Protectors [Not Tempered Glass],5.0 out of 5 stars,None
Michael Kors Mens Chronograph Quartz Watch with Stainless Steel Strap MK8664,5.0 out of 5 stars,$253.12
Timberland HENNIKER II TBL14816JLU.02A Mens Wristwatch,5.0 out of 5 stars,$152.15
"[3 Pack] Synvy Screen Protector for FITVII 1.3"" smartwatch TPU Flexible HD Film Protective Protectors [Not Tempered Glass]",5.0 out of 5 stars,None
Victorinox Maverick Chronograph Quartz Blue Dial Men's Watch 241865,5.0 out of 5 stars,$329.97
"Compatible with Apple Watch Band 38MM 40MM 42MM 44MM, Stainless Steel Milanese Loop Band with Adjustable Magnetic Clasp for 2019 Watch Series 5/4/3/2/1,Light Gold 44mm/42mm",4.9 out of 5 stars,$11.99
